{
  "eye": {
    "orientation": [
      -0.008390569128096104,
      -0.7313212156295776,
      -0.026518607512116432,
      0.6814658641815186
    ],
    "magnitude": 0.5773502588272095,
    "position": [
      -199.22152709960938,
      10.228851318359375,
      -14.35891342163086
    ]
  },
  "paths": [],
  "ortho": false,
  "radius": 100,
  "visualHints": 3
}